{
  "project_info": {
    "project_number": "547934201313",
    "firebase_url": "https://float-a5628.firebaseio.com",
    "project_id": "float-a5628",
    "storage_bucket": "float-a5628.appspot.com"
  },
  "client": [
    {
      "client_info": {
        "mobilesdk_app_id": "1:547934201313:android:49ff8acda504e03263dea0",
        "android_client_info": {
          "package_name": "com.isaakhanimann.flowby"
        }
      },
      "oauth_client": [
        {
          "client_id": "547934201313-a89lbu99lvl3rrdno1lmek46j9ucl1cg.apps.googleusercontent.com",
          "client_type": 3
        }
      ],
      "api_key": [
        {
          "current_key": "AIzaSyCPIjFR3BeJ6Leg4bpZpFsXzEc6e7UpXVQ"
        }
      ],
      "services": {
        "appinvite_service": {
          "other_platform_oauth_client": [
            {
              "client_id": "547934201313-a89lbu99lvl3rrdno1lmek46j9ucl1cg.apps.googleusercontent.com",
              "client_type": 3
            }
          ]
        }
      }
    }
  ],
  "configuration_version": "1"
}